model_name,iou_score,time,loss
baseline,0.2393,1169.3987177,0.9665
baseline_blur_noise,0.2314,1640.8513420000002,1.0104
baseline_contrast,0.1914,1459.5492031,1.0679
baseline_dropout,0.2615,1530.6405995,0.9427
baseline_augmented,0.2884,1530.8632099,0.8964
UNET,0.5597,48838.7021304,0.5609
FPN,0.5007,119611.931285,0.5681
